question_id,question,answer_v1,answer_v2
0,Thời gian thử việc đối với công việc văn phòng là bao lâu?,Thời gian thử việc đối với công việc văn phòng là 60 ngày.,Thời gian thử việc đối với công việc văn phòng là 60 ngày.
1,"How does the performance of FAISS in terms of latency for top-5 retrieval over 100k vectors compare to what might be expected for similar systems handling larger datasets, such as billion-scale indices?",I don't have enough information to answer this.,"I'm unsure, as the provided context does not contain information regarding FAISS performance or latency for vector retrieval."
2,"How do the input guardrails and output guardrails collectively contribute to the safety of LLM systems, and what might be a potential consequence if one of these levels were to be ineffective?",I don't have enough information to answer this.,I'm unsure as the provided context does not relate to LLM systems or their safety measures.
3,"If an employee in an office job starts on January 1st and successfully completes their probation period, when can they expect to sign their official employment contract and receive their first full salary payment?","The employee can expect to sign their official employment contract after 60 days of probation, which would be on March 2nd. They will receive their first full salary payment on April 10th, as salaries are paid on the 10th of the month for the previous month.","The employee can expect to sign their official employment contract after completing the 60-day probation period, which would be on March 2nd. They will receive their first full salary payment on April 10th, for the month of March."
4,"Khi nhân viên làm việc từ xa, công ty cần lưu ý điều gì liên quan đến bảo vệ dữ liệu cá nhân và các biện pháp bảo mật nào được áp dụng?","Khi nhân viên làm việc từ xa, công ty cần lưu ý rằng dữ liệu cá nhân của khách hàng và nhân viên phải được mã hóa khi lưu trữ và truyền tải. Nhân viên phải sử dụng VPN dùng WireGuard AES-256 của công ty và không được truy cập dữ liệu công ty qua mạng WiFi công cộng không được bảo mật khi không có VPN. Mọi kết nối từ xa đều được ghi log và theo dõi bởi bộ phận IT, và truy cập vào hệ thống nhạy cảm từ xa cần xác thực đa yếu tố (MFA).","Khi nhân viên làm việc từ xa, công ty cần lưu ý rằng dữ liệu cá nhân của khách hàng và nhân viên phải được mã hóa khi lưu trữ và truyền tải. Nhân viên phải sử dụng VPN của công ty với giao thức WireGuard AES-256 và không được truy cập dữ liệu qua mạng WiFi công cộng không bảo mật. Mọi kết nối từ xa đều được ghi log và theo dõi bởi bộ phận IT, và truy cập vào hệ thống nhạy cảm từ xa cần xác thực đa yếu tố (MFA)."
5,What measures are taken to protect sensitive information in LLM systems and remote work environments?,I don't have enough information to answer this.,"The context provided does not specifically address measures taken to protect sensitive information in LLM systems. However, it outlines several security protocols for remote work environments, such as using a company-approved VPN for remote access, ensuring data is encrypted during storage and transmission, and requiring multi-factor authentication for accessing sensitive systems remotely."
6,"How does the evaluation method of LLM-as-Judge mitigate biases, and how might this relate to the approval process for employee leave requests outlined in the leave policy?",I don't have enough information to answer this.,"The context provided does not contain information about the evaluation method of LLM-as-Judge or its relation to biases, nor does it discuss how this might connect to the approval process for employee leave requests. Therefore, I cannot provide an answer based on the given context."
7,How do the policies regarding vacation days for employees relate to the principles of retrieval-augmented generation systems in terms of ensuring relevant and context-supported answers?,I don't have enough information to answer this.,"The policies regarding vacation days for employees emphasize structured guidelines and clear criteria for taking leave, which aligns with retrieval-augmented generation systems by ensuring that information is organized and contextually relevant. Such systems rely on well-defined data to generate accurate responses, similar to how the vacation policy outlines specific rules for annual leave, additional days based on tenure, and the process for requesting time off. This structured approach helps in retrieving pertinent information efficiently, ensuring that responses are both relevant and supported by the established context."
8,"What commitment must employees make after receiving training support from the company, and how does this relate to the detection of personally identifiable information in Vietnamese documents?",I don't have enough information to answer this.,Employees must commit to working at least 1 year after receiving training support valued over 10 million đồng. The context does not provide information on how this relates to the detection of personally identifiable information in Vietnamese documents.
9,Dữ liệu cá nhân cơ bản bao gồm những thông tin nào theo Nghị định 13/2023/NĐ-CP?,I don't have enough information to answer this.,"Xin lỗi, nhưng tôi không có thông tin về Nghị định 13/2023/NĐ-CP trong bối cảnh đã cung cấp."
